{
  "url": "https://joshcrain.io/ancestry/",
  "requestedUrl": "https://joshcrain.io/ancestry/",
  "timestamp": 1598352453686,
  "ranks": {
    "hundos": 2,
    "performance": 2,
    "accessibility": 2,
    "cumulative": 2
  },
  "lighthouse": {
    "version": "6.2.0",
    "performance": 1,
    "accessibility": 1,
    "bestPractices": 0.93,
    "seo": 0.97,
    "total": 390
  },
  "firstContentfulPaint": 879.4650000000003,
  "speedIndex": 1294.4806600457825,
  "largestContentfulPaint": 879.4650000000003,
  "totalBlockingTime": 115.49999999999989,
  "cumulativeLayoutShift": 0.02943771023220486,
  "timeToInteractive": 1144.9650000000001,
  "maxPotentialFirstInputDelay": 132,
  "timeToFirstByte": 260.174,
  "weight": {
    "summary": "4 requests • 4,862 KiB",
    "total": 4978892,
    "image": 4913615,
    "imageCount": 1,
    "script": 0,
    "scriptCount": 0,
    "document": 6266,
    "font": 59011,
    "fontCount": 2,
    "stylesheet": 0,
    "stylesheetCount": 0,
    "thirdParty": 4913615,
    "thirdPartyCount": 1
  },
  "axe": {
    "passes": 239,
    "violations": 0
  }
}