{
  "url": "https://joshcrain.io/",
  "requestedUrl": "https://joshcrain.io/",
  "timestamp": 1598352457599,
  "ranks": {
    "hundos": 1,
    "performance": 1,
    "accessibility": 1,
    "cumulative": 1
  },
  "lighthouse": {
    "version": "6.2.0",
    "performance": 1,
    "accessibility": 1,
    "bestPractices": 1,
    "seo": 1,
    "total": 400
  },
  "firstContentfulPaint": 874.438,
  "speedIndex": 959.5812520224571,
  "largestContentfulPaint": 874.438,
  "totalBlockingTime": 105.50000000000011,
  "cumulativeLayoutShift": 0.011766276041666668,
  "timeToInteractive": 1129.938,
  "maxPotentialFirstInputDelay": 131.0000000000001,
  "timeToFirstByte": 121.02699999999999,
  "weight": {
    "summary": "3 requests • 63 KiB",
    "total": 64721,
    "image": 0,
    "imageCount": 0,
    "script": 0,
    "scriptCount": 0,
    "document": 5711,
    "font": 59010,
    "fontCount": 2,
    "stylesheet": 0,
    "stylesheetCount": 0,
    "thirdParty": 0,
    "thirdPartyCount": 0
  },
  "axe": {
    "passes": 275,
    "violations": 0
  }
}